sequence,count
CASTAGTSNTEVFF,4
CGGGADTGQLYF,3
CGARFSYNSPLYF,2
CASSLNTEVFF,125
CASSLTGGGGAETLYF,10
CASSLYQDTQYF,8
CASGDAWGDYEQYF,15
CASGDPTTSQNTLYF,4
CASSLAQGNTEVFF,24
CASSSHQGANTEVFF,3
CASSQDQGSSYEQYF,15
CASSPGQGADNERLFF,1
CASSPSTGDEQYF,4
CASSEQTGGNTLYF,4
CASSSGQVQDTQYF,3
CASSDALDNSYEQYF,1
CAWSLWGDSTGQLYF,1
CASSLVGEDTQYF,25
CAWMGGRYEQYF,3
CASSFWNQAPLF,2
CASSPRDRGLNTEVFF,2
CTCSAPSNERLFF,4
CASSPRTGGLSYEQYF,8
CASGTGGGERLFF,15
CASSVGIGNTLYF,3
CASSLSIRTEVFF,2
CASGGTGGLSYEQYF,4
CASAWGYEQYF,3
CASSDSSEQFF,5
CGARDINSDYTF,6
CASSRGGLYEQYF,5
CASSLAALYEQYF,3
CASSFWGVNQAPLF,1
CASSDPGGRYTQYF,3
CASSDAQGSETLYF,6
CASSLEGTFQNTLYF,2
CASSIAGGVYEQYF,10
CAWSPQYNSPLYF,3
CAWSLEGAGQNTLYF,6
CASRKGQGTNERLFF,3
CASSADISNERLFF,4
CASSPDRGANTGQLYF,12
CASSLDWGSPQDTQYF,2
CASSQDRQANSDYTF,3
CTCSAWGGGQDTQYF,3
CTCSAGGRYNSPLYF,4
CASSFSGAGEQYF,5
CASGGQQNTLYF,15
CAWSPPGQGPGNTLYF,2
CASSPWGWQNTLYF,8
CASGGLGGSSYEQYF,18
CASSLRLGGSQDTQYF,8
CASGEQGNTLYF,5
CASSLEPDSDYTF,4
CAWNQDGNQAPLF,1
CASGGGLNYEQYF,2
CASSYGTGPETLYF,6
CASSEQGENTLYF,4
CASSRDWGGASQNTLYF,6
CASGRDWGGARSSQNTLYF,2
CASSPDRSYNSPLYF,8
CASSQEGLSNERLFF,12
CASGESKQYF,3
CASSDWGHQNTLYF,4
CASSEGEVFF,16
CASGGTDYTF,4
CASSLADMSSYEQYF,1
CASGDAIGQNTLYF,4
CASGPANTGQLYF,8
CASSPFQGASNERLFF,2
CASSLSDSSGNTLYF,4
CASSLADRGAETLYF,8
CASSLPSNTGQLYF,6
CASSRRGGDTEVFF,10
CASSDRRVSNERLFF,4
CAWSRRLGGDTQYF,4
CASSDWTVNQDTQYF,3
CASSQDLDWGDEQYF,2
CASSPTTGTNTGQLYF,3
CASSDINSPLYF,4
CASGDDWGGGGQNTLYF,1
CASSLSPVYEQYF,3
CTSRPGTGGGTEVFF,5
CASSTPGFQDTQYF,3
CASSQEWGGGSQNTLYF,2
CASSFYDRGSAETLYF,1
CASSPGTGGRGSDYTF,1
CASSQEGLNNQAPLF,3
CASSFSQGDNYAEQFF,1
CASSLSIGNERLFF,3
CSSGGTGQLYF,4
CASSETGKYEQYF,5
CTCRARDRGGNTLYF,1
CASSTPGTAGNTLYF,2
CASSDPQGNYAEQFF,2
CASGDSFYEQYF,8
CASSHGQGSSYEQYF,7
CASSQERNERLFF,4
CASGEGTGREQYF,8
CASSYQGRDTQYF,9
CASSTQGTGNTLYF,2
CASSQDPLASQNTLYF,1
CASSHNSQNTLYF,3
CASHWGASNTGQLYF,2
CASSFRGRLNTLYF,1
CASGDPDGAEQFF,2
CASSDRTLQNTLYF,3
CASGGTGRAETLYF,15
CASSQDKLIEQYF,1
CASSSTGIEQYF,12
CASSIGSEVFF,4
CASSDGLGGASQNTLYF,2
CAWSPTGSYEQYF,6
CASSLWGAGAEQFF,4
CASGGTFQDTQYF,3
CASRWGAQAETLYF,1
CASSDAENSGNTLYF,6
CASSYGGSYEQYF,24
CASSLDRVRDTQYF,8
CASSIELGGQNTLYF,3
CASSDVEGGLYF,2
CASRTGGDYEQYF,5
CASSEGWTEVFF,4
CASSQESSSYNSPLYF,3
CASSWDRKDTQYF,4
CASSLGTSYNYAEQFF,4
CASILQGYAEQFF,3
CASSERRADSPLYF,1
CASGFTGQLYF,2
CASSARDNNSPLYF,2
CASSPRDWGAL,1
CASSLQGVQDTQYF,12
CANSTGNTGQLYF,10
CTCSTDWGQNTLYF,10
CASSIAVSGNTLYF,3
CAWSLLGGRNTGQLYF,8
CASSQDRSGNSPLYF,2
CASSGLGTSQNTLYF,12
CASSQRGGGAETLYF,5
CASSLRWVNQDTQYF,3
CASSDWQDTQYF,20
CASRNLTGDEQYF,2
CASSPHGEQYF,3
CASSGGQEVFF,5
CAWRTGGPYNSPLYF,4
CASSLGTGGASSYEQYF,4
CASGGASYEQYF,16
CASSLGLGFSYEQYF,4
CASSDAGGSNTGQLYF,7
CASSIWGGNEQYF,3
CASSLGQGRNTQYF,5
CASSPGLGGEGAETLYF,2
CASSDDGERLFF,5
CASSDVENSDYTF,8
CASSLLDIYAEQFF,3
CASGDAGQTYF,5
CASGDAERQYF,5
CASGPAAPYEQYF,2
CGARQGAYAEQFF,4
CASSRYQSAETLYF,2
CASSLDHRAERLFF,1
RASSDWGSSYEQYF,6
CTCSAARGQNTEVFF,2
CASGDRTGGNQAPLF,3
CASSPDTVQDTQYF,4
CASSPTTDNYAEQFF,3
CASNSDNSGNTLYF,2
CASSFSGTGGDEQYF,10
CASGAGTGRSPLYF,1
CASSQAPGGQDTQYF,8
CASSKTGGDSGNTLYF,2
CASKRGNQAPLF,2
CASSQDWTGKGTLYF,1
CASSDPRGRAAETLYF,1
CASGDAGRAGEQYF,4
CASSLRGEQFF,5
CASTCGISNERLFF,1
CASSPDRANSPLYF,3
CTCSAEGGVSYEQYF,4
CASGDRTFQDTQYF,3
CASGSRANSDYTF,4
CASSYQTEVFF,3
CASSAGLGNTLYF,6
CASTPGGVYAEQFF,4
CASSDPGNYAEQFF,45
CASSQDAANSDYTF,12
CASSMGLQNTLYF,3
CASSFLGADEQYF,4
CASSLRDRGQAEQFF,3
CASSDEDRGYAEQFF,5
CASSPTASYEQYF,5
CASSLARDSYEQYF,4
CASSSNWGVDAEQFF,1
CASSLDQTNTEVFF,4
CASGAHWGNTLYF,2
CASSYQGAETLYF,12
CASSLWDRNTLYF,4
CASRDRGRNSPLYF,24
CASSIPGEAGNTLYF,1
CASGDAQQYEQYF,2
CTCSALGGLYQDTQYF,2
CASGDGGGYTLYF,5
CASSRPGQGVERLFF,2
CASSFEGGYSDYTF,1
CASSRGRTSQNTLYF,2
CASSPRDIKNTLYF,2
CASSQTGGDQAPLF,3
CAWSPGGFGNTLYF,5
CASSDELFAETLYF,3
CGARIGTANSDYTF,2
CASGIHTEVFF,3
CASSDRVHNSPLYF,4
CASSLVTGGDTQYF,6
CASSPGPKEVFF,3
CTCSPGTANTEVFF,18
CASSLAAGSQDTQYF,4
CASSLDAIEVFF,2
CASKGNTGQLYF,6
CASGAGTGGQNTLYF,56
CASSFPAGGGDTQYF,1
CASSWWGGAGDTQYF,2
CASSSTGSDYTF,15
CASGDRTVNNQAPLF,1
CAWSPLPANERLFF,1
CASSDNRGHYEQYF,3
CASGSGGAYAEQFF,8
CASSDPVANTEVFF,6
CASSFTGGQRLFF,1
CASSDGTGGAETLYF,104
CASGAQVEQYF,3
CAWSLSGGNQDTQYF,10
CTCSADGGNERLFF,6
CASSGDWGSSYEQYF,72
CAWNWGAYEQYF,3
CASSVSISYEQYF,3
CASTADTEVFF,3
CASSPTGADSDYTF,20
CAWSDWGGADQDTQYF,5
CASSPRGRSYEQYF,20
CASSIVLGGRQNTLYF,2
CASSRGVVAETLYF,3
CASSPSGTGYERLFF,2
CTCSPDREGAETLYF,5
CASSLMANTEVFF,3
CASSLEGLDSYEQYF,3
CASSFRDGNSDYTF,3
CASSQDRGDTEVFF,66
CASSSTGGGNSPLYF,3
CGARLTGYSGNTLYF,2
CASSRGQLNTEVFF,3
CASGHRTGNTEVFF,1
CASSLDRIQNTLYF,3
CASSMGQTNTEVFF,6
CASSQATGSSQNTLYF,4
CAGGQQNTLYF,4
CARQGDTGQLYF,2
CTCSETGGNTEVFF,21
CTCSAAAANSDYTF,3
CASRGQKSGNTLYF,1
CASGTGGAWNSPLYF,1
CAWSRTGDAETLYF,4
CASSDRDRANTGQLYF,20
CTCSAEGTGDSYEQYF,1
CASGDTGGDTEVFF,10
CACGGASAETLYF,4
CSSRDGGSQNTLYF,6
CASSRGTNSDYTF,12
CASSLYDRSGNTLYF,1
CASSSPIYAEQFF,2
CASSIGGRALYF,4
CASSQVGGAEQFF,5
CASGSGGNQDTQYF,4
CASGDQGANTGQLYF,25
CASSQGLGVQDTQYF,16
CASSPGQPPNTGQLYF,1
CASSGSGADYAEQFF,2
CASSDAGVTEVFF,10
CAGSPGQYNSPLYF,5
CASSEPGGDSAETLYF,1
CSSRAGVTEVFF,4
CTCSARGGSYEQYF,6
CASSQDTGVQNTLYF,4
CASSWTENTEVFF,12
CAADWGGAGDTQYF,3
CASSGREDEQYF,6
CASSRRYNSPLYF,4
CASSPHREGAETLYF,12
CASSLGQSTGQLYF,3
CASSQEGLLNTGQLYF,1
CASSSGTGGLSDYTF,2
CASGGQINTEVFF,3
CASSPNHQAPLF,2
CASSQDGGRGDTQYF,7
CASSWDWGMDYAEQFF,1
CASSAGTRNTGQLYF,3
CASRMGARNSPLYF,2
CAWSLRGQGISNERLFF,3
CASSQDSGNSYEQYF,3
CASSEGTGRDSDYTF,1
CASTREGNSPLYF,2
CASRPRANTEVFF,4
CASSLSVEKNTLYF,1
CASSEDREGYAEQFF,4
CASSPGTGGARSAETLYF,2
CAWSLAQGWDTEVFF,2
CASGDPDRGISNERLFF,1
CASSRGGNTLYF,42
CASSWPREDTQYF,2
CASSSTTVNERLFF,2
CASGGRDWDRKNTLYF,1
CASSSGGASGNTLYF,21
CASITGGYAEQFF,4
CGALQGGGTEVFF,1
CAWSPGTASYNSPLYF,3
CASSVWGGASAETLYF,1
CASGDRDWGEETLYF,4
CASSSRDKETLYF,2
CASSWGGWEQYF,8
CASGAATGNTLYF,3
CASSDAPGGGNERLFF,3
CASSPQGDTQYF,42
CASSNNERLFF,30
CASSQDRVHYAEQFF,2
CASSPVNSGNTLYF,8
CASSQTTGGQDTQYF,3
CASSSRLGVSYEQYF,8
CASSEDWGNQNTLYF,3
CSSSHTGQLYF,4
CASSDQGWNSPLYF,10
CASSDARGFAETLYF,4
CASGTGDNTEVFF,3
CATWGANYAEQFF,2
CASSLNRQNTLYF,5
CGANRDRGAETLYF,4
CTCSADWGVAETLYF,6
CASSQDDIYEQYF,8
CTCSATGGVTLYF,3
CASGEGGSSYEQYF,25
CASSARTGHYEQYF,2
CASSLHGGAAEQFF,4
CAWSLDLGGLYEQYF,6
CASSEDRGQDTGQLYF,1
CASSPDWGANYAEQFF,21
CASSDAPGQGSYEQYF,3
CASRNWGVQNTLYF,2
CASSSDTSGNTLYF,4
CASSDEGAGSYEQYF,3
CASSQRSSYEQYF,4
CGAQGANTEVFF,8
CASSMDWGLSQNTLYF,1
CASTRTGGNYAEQFF,10
CASSSWGALAETLYF,3
CAWSPDWGDTGQLYF,5
CASSWTDLNSDYTF,1
CASRDWGITLYF,2
CAWSLWTGGAQDTQYF,3
CASSPRERAEQFF,2
CASSFVGGNEQYF,4
CASGVGLGVSYEQYF,2
CASSSWEYEQYF,3
CASSQSDNSYEQYF,3
CASRHTGQLYF,2
CASSPWGGENTQYF,5
CASRLQGANTEVFF,10
CAWSPLWGSQNTLYF,4
CASGDEGRGRFTEVFF,1
CASSSGTSSYEQYF,5
CASSDNRGNTEVFF,20
CASSFGGLGGETLYF,1
CASSERGDTGQLYF,12
CASSSAGGEEQYF,4
CASGDAGTGEDERLFF,1
CAWGTDQDTQYF,3
CASSLPGLGYAEQFF,28
CTCSAINNNQAPLF,2
CASSLETGPNSDYTF,3
CASSRGWGAYEQYF,8
CANSPGLGWEQYF,3
CASSFRTGREQYF,4
CASGPGTGGALAEQFF,2
CASSDVLGGSYEQYF,5
CASNGQGDTQYF,3
CASSDGQRAHERLFF,1
CASSQVLGGGEQYF,8
CASSLDGGARDTQYF,24
CASSLGTGSYEQYF,182
CASGQGGLEQYF,3
CASGWGVQNTLYF,4
CASGTPGHLTEVFF,1
CASSMANQAPLF,3
CASSQDRGREVFF,6
CASSLAQGREQYF,16
CASSIYSYEQYF,8
CASSFRGGYAETLYF,1
CASRTGTDQNTLYF,12
CASSLTPYAEQFF,4
CASSLWGGARYF,4
CASSRVSPLYF,4
CASSFRGVEQYF,9
CGAKTDYAEQFF,3
CASSGRTGNYAEQFF,4
CASSVTGGVQDTQYF,3
CASSDDWGRDTQYF,5
CASSDGHSYNSPLYF,3
CASGGLGGALYF,3
CASSDRGQSSGNTLYF,1
CASSSGTGKNTGQLYF,6
CTCSAGLGSSYEQYF,5
CASSRLGGTNTGQLYF,9
CAWMGQGAGNTLYF,2
CASRETNSDYTF,6
CASSFGDKNTLYF,4
CASSSWTGRAEQFF,2
CASSLGQGFSDYTF,2
CASSDRGRGGNTLYF,18
CASSTGLGGKAETLYF,1
CASSGTGHSGNTLYF,10
CASSPWTTNSDYTF,3
CASGDPLGSSQNTLYF,1
CTCSAPGQYNSPLYF,4
CASSPDWGVFYEQYF,10
CASRDRTNYAEQFF,1
CASKGRNYAEQFF,3
CASSQEKYTEVFF,1
CASSLAGTKNTGQLYF,2
CASIFQGYEQYF,2
CASSIRGTTGQLYF,3
CASGVAGEQYF,3
CASSPAGGAPTGQLYF,2
CASGGDRVTEVFF,4
CACPGQGAEQFF,5
CASSRGTSQNTLYF,36
CGARAGGQNTLYF,12
CAVTVSGNTLYF,4
CAWSLGWDTGQLYF,4
CAWGDTEVFF,4
CASSSSGVSNERLFF,4
CASSPTDTSAETLYF,3
CASSDRDRGDSDYTF,5
CASSLRTGDNERLFF,3
CASSQDGQGAGNTLYF,10
CASTAASAETLYF,6
CASGDGGQDTQYF,36
CAWSLRLGENTLYF,6
CASGGTGGRAEQFF,30
CASGDVGFSNERLFF,6
CASGDAGGARSAETLYF,4
CASTDRGTDERLFF,1
CASGARVSGNTLYF,5
CGARRLGDNTGQLYF,2
CASSRQGGDTQYF,36
CASSPGLLGDTQYF,2
CASRQGQGNSGNTLYF,2
CASMGLGGAEQFF,1
CASSGYPSAETLYF,2
CTCSAEVNTGQLYF,3
CASSGQGDYAEQFF,28
CASRAPQGAYAEQFF,2
CTCSADRTIQNTLYF,2
CASGEQIQNTLYF,3
CASSLLGRNYAEQFF,3
CASSTDRGNYAEQFF,12
CASSLLGDRDTGQLYF,1
CASSPGKAGNTLYF,1
CAWSHGENYAEQFF,3
CAWSFFSSYEQYF,3
CGARAAGAEQYF,3
CASSLAGGYSYEQYF,4
CASSRDGNTEVFF,16
CASGRPSNSDYTF,3
CASSEGENSDYTF,4
CASSDAQWNSPLYF,8
CASSFLGQGTLYF,4
CASGDPVGYEQYF,2
CASSTLGDAEQFF,2
CASSQHRTEVFF,4
CASSWGHTNTEVFF,3
CSSSPGYAEQFF,5
CASGTTGVEQYF,4
CASSPWDRAYEQYF,4
CASSQDGTGGSYEQYF,8
CGAGTGGYAEQFF,24
CASRTGVNERLFF,3
CASSLEGGANTEVFF,28
CASTDRSQNTLYF,15
CASSEARDKEVFF,1
CASSDGGGRGYAEQFF,2
CASWGLGGREQYF,1
CASSLDKRAEQFF,4
CASSLVRGESAETLYF,3
CASSPSDWGDEQYF,3
CASSFCRVNSPLYF,1
CSSSNKNTLYF,4
CASSDHRENYAEQFF,1
CASSPGTGVPYAEQFF,1
CASSPDRVSNERLFF,5
CGARTGGGNTEVFF,12
CASSEGTGASAETLYF,5
CASSLYNANSDYTF,4
CASSLDEDSNERLFF,2
CASSRGESQNTLYF,6
CASSPWGANYAEQFF,10
CASGDAGRGSNERLFF,3
CSSRRQSSYEQYF,4
CASGEEGQGNYAEQFF,1
CASGGQDSDYTF,9
CASSHTGVQDTQYF,3
CASTGSNERLFF,3
CASSDPGTGSNERLFF,18
CASSFWGSDYTF,16
CGAGPLSQNTLYF,3
CASSDAPTGGNSDYTF,1
CASSGTSETLYF,15
CTCSADNERLFF,10
CASSDWGSAETLYF,130
CASSLKGNEQYF,4
CASSQVGGRAETLYF,3
CASSLPTGAYAEQFF,3
CASSFYTGDAEQFF,2
CASSQEADNSPHYF,2
CAWSLGTGGGDTQYF,6
CGASWGGAEQFF,6
CASSFHDWGVEQYF,1
CASGDADLSNERLFF,3
CASSGQGYEQYF,96
CASSFSGNNERLFF,4
CAWSLEGLGGSSAETLYF,2
CASRPGGADEQYF,4
CARGQSSGNTLYF,4
CTCRPGQYAEQFF,10
CASSQGLGVSYEQYF,45
CAWKGGARNSPLYF,2
CTCSAEQGTGNTLYF,3
CASSIPGGSAETLYF,4
CASSKYEQYF,9
CASSIRGNSDYTF,15
CASSWGTGDYAEQFF,6
CASSQGGGAGTGQLYF,3
CASSDARVEDTQYF,2
CASSGRDRVETLYF,1
CASSQGWGENTLYF,5
CASSDDGGTSQNTLYF,3
CASSHRSNSGNTLYF,3
CASSVTGGAGEQYF,20
CASSLEDRAGDTQYF,2
CASSSWTGGASYEQYF,1
CASSTTGGGQNTLYF,5
CVSSQNSGNTLYF,6
CASSLARDWGRQNTLYF,2
CAWSPEISNERLFF,8
CASSLGTGNYAEQFF,125
CASGGTGGARYTQYF,2
CASGESTGNTLYF,4
CASSFHSNTGQLYF,3
CASKMQGDSPLYF,1
CASSSGARKQFF,1
CASSADWGGAETLYF,28
CAWAGTGANTGQLYF,4
CASSLYMNTGQLYF,2
CASADQNTLYF,3
CASSLEGGGNTGQLYF,6
CASGDRSWYF,3
CASSPGTGREVFF,6
CASSSDRGEQYF,36
CASCDRGGERLFF,1
CASGDAHWGALEQYF,2
CASSGGPEQFF,5
CVSSPREPLYF,2
CASGRLGGRYEQYF,20
CASSTGTTDTQYF,3
CASSWGLGNAEQFF,3
CASSIEGSNTGQLYF,4
CASSLDGRANQAPLF,2
CASSLDPETLYF,15
CASSRTGGNNYAEQFF,5
CASSIYGNTGQLYF,2
CASSLEWGGAQDTQYF,3
CASSDPGGGEQFF,6
CAWSLGTGGNERLFF,15
CASRQGYNQAPLF,3
CASSFTGDTQYF,18
CASSQERADSYEQYF,1
CAWSSRDNYAEQFF,5
CASRDRSSSYEQYF,3
CASSLPQGAQDTQYF,5
CASSRLGGSYEQYF,120
CAWILGGISYEQYF,1
CTCSADGTGGRAEQFF,4
CASSRGIQNTLYF,5
CASRGRGALYF,3
CASSSYRGLGAETLYF,1
CASSMDRGRYAEQFF,1
CASSGTAWEQYF,2
CASSQEGGEQYF,55
CASRSGQGRAEQFF,4
CASSQDWNSGNTLYF,4
CASSDDNSYEQYF,3
CASSDPDNQNTLYF,6
CASRERANTGQLYF,4
CAWSLTGYNNQAPLF,3
CASSSLGIQDTQYF,3
CAWSPGGQDTQYF,30
CASSLGGAREQYF,119
CASSRAGGAYEQYF,6
CASSLVWGVNTGQLYF,3
CGAKSLGSQNTLYF,3
CASSDRGGNTGQLYF,12
CASGDGWDRGYAEQFF,1
CGARDSGGNTLYF,10
CASSDRGGRDQDTQYF,3
CASGGTGALQDTQYF,2
CASGEDWGGDAEQFF,3
CASSIRGSYNSPLYF,20
CASSPGQGKQDTQYF,1
CASSQEQGDQNTLYF,1
CASSPGGAFEQYF,15
CASSQGDTVAETLYF,3
CASSLRVDYEQYF,4
CASSPDRGPEVFF,15
CASSFSGYNERLFF,3
CASSFRLGQDTQYF,36
CASSQDRGRQAPLF,2
CASSRAGFQDTQYF,8
CASGEMGGLSYEQYF,1
CASSPTGGVSYEQYF,35
CASSEPGQGNTGQLYF,10
CASSRDRDGGQLYF,2
CASNPGWQDTQYF,1
CASSLGGAYTEVFF,12
CASSDRGETYEQYF,3
CASGEEFQNTLYF,1
CASSQTGYTLYF,8
CAWSSTGGNSDYTF,6
CASSFTGGGHYEQYF,2
CAWSLGRESNERLFF,4
CASRTGDTGQLYF,28
CASSQRQGREQYF,3
CAWRGQNERLFF,12
CASRGTGGAYEQYF,15
CASSARDWGNTGQLYF,15
CASSSWEQNTLYF,3
CASSDARADNERLFF,1
CASSPGQGGSYEQYF,7
CASSLKGTEVFF,28
CASSTGGPTEVFF,3
CASSLGHPSNERLFF,2
CASGGTGGNYAEQFF,84
CASSDAQANSDYTF,15
CASSHGQGYSPLYF,2
CASRTNSYEQYF,3
CTCSVGGQDTQYF,24
CASSDYANTGQLYF,3
CASSLQGIVNERLFF,1
CASRAGTGRNTEVFF,3
CASSQEQGGEVFF,4
CASSIAPGTGNTLYF,4
CASRKLGGQDTQYF,4
CASGSTHYEQYF,2
CASSPGQGDTQYF,105
CASSQDWGSQDTQYF,12
CASSEWGSSAETLYF,5
CASGDDVSAETLYF,2
CASRGTGPYAEQFF,10
CASSSGRGNTLYF,30
CASNNYEQYF,2
CAWSQQGDTEVFF,5
CASSTGGAYEQYF,60
CAWNPGTANTEVFF,3
CASSLEEEVFF,4
CASSPAWGGEAETLYF,1
CASSQTGGATTGQLYF,1
CASSFLGKNTLYF,4
CASSPRTGVFEQYF,3
CSSREQYEQYF,4
CASSIPGTGGALEQYF,2
CASSPDWGVQNTLYF,42
CESSLGAGAQDTQYF,3
CASSLSGGLSQNTLYF,2
CASGDRDWGGVQDTQYF,1
CASSLDGGTYEQYF,9
CASSFLTSNTEVFF,2
CAWSLWGPDTGQLYF,4
CASSLGGRGSQNTLYF,12
CASGEGTQDTQYF,5
CATWGGAEQFF,5
CASSLRPGGMNTLYF,1
CASSLRGQASDYTF,3
CASSQGLGGRQDTQYF,10
CASSRGPGQGAEEQYF,1
CASSRAGARGEQYF,2
CAWSPGGGWAEQFF,5
CASGDGMGASQNTLYF,1
CAWSLSLGGRGEQYF,3
CAWSPTGGAVEQYF,3
CASGDGGEAPLF,4
CTCSVERLGGPANTGQLYF,1
CASSAIDRGGNTLYF,1
CASSWTRYEQYF,3
CASSLLGGLNQDTQYF,16
CASSHDWASQNTLYF,2
CASSRDWAYEQYF,35
CASSQDYRGEDTQYF,2
CASSEGQGVTEVFF,4
CASSDSGTGAETLYF,5
CTCSAEGVGYAEQFF,4
CASSDDREDTLYF,6
CASGPGYEQYF,12
CASSQETGNTGQLYF,5
CASKDWGPYEQYF,3
CASSLSAYQAPLF,2
CASRGLGGGGAETLYF,2
CTCSATGLNYAEQFF,4
CASSPGGGLSGNTLYF,2
CASGEQFQDTQYF,4
CASGGTGVNYAEQFF,15
CASSQPWGPYEQYF,2
CASSLGRVQNTLYF,6
CASSLDSGVNQDTQYF,2
CASSFGTGGTYEQYF,3
CASGDATGPNERLFF,9
CASSRVSSYEQYF,8
CASSRGTPNTGQLYF,3
CAWSPWGRYAEQFF,5
CASGSDWEQYF,2
CASGVRTGGYERLFF,4
CASSGTRNSDYTF,5
CASSWGTGGERLFF,6
CASSISWGVSYEQYF,3
CASSSEEGANERLFF,2
CASSMGLGGSSYEQYF,2
CASSPNLSGNTLYF,2
CASSPGGLAEQFF,15
CASAGAGFSNERLFF,1
CASRRAGNERLFF,4
CASSFVGLQDTQYF,3
CASSQGQYAEQLF,6
CASGAGLGSYEQYF,10
CASGDLGPNERLFF,2
CTCSAGWANTGQLYF,4
CAWSPGDRGNERLFF,2
CASSHRGPSGNTLYF,3
CASSGGQDQNTLYF,4
CASANYNSPLYF,2
CASGPEVFF,6
CASGGNRVVFF,1
CASSAGLGGRDAEQFF,3
CASSRGGRATEVFF,2
CASSFRNANTEVFF,3
CSSAGTKYAEQFF,2
CASSQDWGGAEQYF,28
CASSSGQGFSNERLFF,8
CGAKDRGYAEQFF,5
CASAGQGSNTEVFF,3
CASRRTGGVYEQYF,9
CASSQGGTSAETLYF,18
CASSDRDKSGNTLYF,2
CASGTRGREQYF,4
CASSPTKNTLYF,12
CASSTGRTDYTF,1
CASSRVGQGFEQYF,1
CASGDGGHYAEQFF,9
CASSWTDSNERLFF,6
CASGDAGGGSQNTLYF,30
CASSSWGQGYEQYF,3
CASSKTGNYAEQFF,10
CASSQDLQGADEQYF,2
CASSAGATEVFF,5
CSSRPGQSAETLYF,4
CASSQDSGSYNSPLYF,4
CVSSPSQGADSDYTF,2
CASRAKDTQYF,3
CASSLAQNNQAPLF,12
CASSDVTSQNTLYF,10
CASSVTGGAYEQYF,10
CASSLMGGLQDTQYF,3
CTCSGENTEVFF,4
CASSPPRDYEQYF,5
CAWDWGIYEQYF,2
CASGPGGHSYEQYF,2
CASSWDRDTLYF,5
CTCRKTTSGNTLYF,2
CGARDGFSNERLFF,12
CASSGQGVSNERLFF,4
CASSPWDRENTLYF,2
CTCSSRQNTEVFF,4
CASSENRGGSDYTF,6
CTCSADRHTGQLYF,2
CAWTPTGGKYEQYF,3
CASSATDQDTQYF,9
CASSWGGETLYF,10
CASSVRDWGIYAEQFF,1
CASSHGGGGAETLYF,3
CASGPDWVQNTLYF,2
CASSQTGRGQYF,3
CASGDAVGDEQYF,3
CASSPRDWGSSAETLYF,6
CASSSGGMDTQYF,8
CASSSGQGAGAETLYF,25
CASSPTGLQDTQYF,42
CASKDWGDQDTQYF,4
CASSEWDSYNSPLYF,3
CASSDGLGSSYEQYF,30
CASRTGSNTGQLYF,20
CASSQGDRNGNTLYF,1
CASSSDWAFYEQYF,2
CASSDVQGNEQYF,3
CAWSRWSDYTF,1
CASSLTGGENTGQLYF,9
CAWSLDGGAREQYF,6
CASSPGHPGNTLYF,5
CASSDARGVFF,10
CTCSDRDDERLFF,4
CASSDDGSSGNTLYF,8
CSSRTAYEQYF,4
CASSQQGAREQYF,9
CASGDAVLQDTQYF,2
CASSRRGGGNQAPLF,3
CTCSAQGTSAETLYF,4
CASSLDNSNERLFF,20
CASSIGKEQYF,3
CATRDRDAEQFF,5
CASSSGNTWQLYF,1
CASSTRTLNQDTQYF,2
CASSAVYAEQFF,4
CASSLNRGEVFF,6
CASSIKGARAEQFF,1
CGAREVGTEVFF,3
CASSAYWGGADTQYF,3
CASSFWGGYAAQFF,1
CASSFRDRANERLFF,3
CASSSGTGRVFF,4
CASSWGQGVTEVFF,3
CASSDGGQAPLF,12
CASSSTESYEQYF,3
CASSPGTTSETLYF,2
CASSLSGGGTNSDYTF,1
CASSLVPSYNSPLYF,2
CTCSAVWGGAYAEQFF,2
CASSLGRAEVFF,12
CASSLAQGSYEQYF,24
CASSSGVTLYF,4
CTCSHWGGYEQYF,5
CASGPGENTLYF,15
CASSHDIANTEVFF,2
CASSSSRGLDTQYF,3
CASSRTGDDERLFF,2
CASSSISYEQYF,6
CTCSAGGGRDERLFF,1
CAWSLRHSNERLFF,8
CASSPYFYAEQFF,2
RASSEGTGGGAEQFF,4
CASGDATGGADTEVFF,1
CASSLDGAPLF,4
CASGDAAGGARAEQFF,2
CASSLETTNSDYTF,12
CASRRDRDERLFF,4
CASGEGEPYAEQFF,1
CASSYRGRGAEQFF,15
CASGAGQGAREQYF,6
CAWSGQGLNNQAPLF,3
CASSPDWHQYF,1
CASSLSQKDTQYF,10
CASSQGAYNSPLYF,25
CASSSRGRDAEQFF,6
CASSRQGDNNQAPLF,3
CASSQDRGF,2
CASSPLDWGKDTQYF,4
CASSDWGQISGNTLYF,1
CTCSASGTGRDTQYF,3
CARWDRANERLFF,2
CASSLAGASSYEQYF,5
CASSQTFNQDTQYF,9
CGARTGTEQYF,5
CASSLGTGLSYNSPLYF,1
CASGEQDNQDTQYF,3
CASSADWGYEQYF,42
CASGDHTNTGQLYF,2
CTCSAEGGAYEQYF,12
CASSHGLFYEQYF,6
CAWREQGGEVFF,4
CGARDRGDTGQLYF,10
CASSLVGAQNTLYF,6
CASSEEREVFF,6
CASSDGTGTGDTQYF,1
CASSSAGTGGGERLFF,2
CASSQDWGGAREQYF,5
CASSQELVNYAEQFF,6
CASTPGLGAETLYF,6
CASSELGGETLYF,5
CASGEALGQANTGQLYF,2
CASSFYTGGNYAEQFF,1
CAWSPRGTNSDYTF,4
CASSLADENSPLYF,2
CASSLAEEDTEVFF,1
CASTSGGHTGQLYF,2
CASSQEERFNQDTQYF,1
CTCSAGAASDYTF,2
CASRSLGASQNTLYF,2
CASGDARLGPETLYF,1
CASSHGTANQAPLF,1
CASGGPGQGQAPLF,1
CASSQDPSGSQNTLYF,2
CASGGATYNSPLYF,4
CAWRNWGAYYEQYF,1
CASSPPAGSSYEQYF,4
CGAANTGQLYF,2
CASGDQGHTGQLYF,4
CASSIGLGGAEQFF,4
CASSADGNTLYF,5
CASGDRVSNERLFF,44
CASSLSEGGAGTEVFF,1
CASSRGTEGEQYF,3
CASSQDLWGGFYEQYF,1
CASSLDLGGDNYAEQFF,2
CASSLGLGYEQYF,266
CASGDGGVHAEQFF,2
CASRTGGVGTGQLYF,4
CASSLLTNSGNTLYF,4
CASSPPPGTLYF,3
CASKGEEVFF,3
CASSPVPGQLYF,3
CASSEAGQGYEQYF,5
CASSLVGTGNTEVFF,12
CASSPGQEFYEQYF,1
CATSPGTGVNNQAPLF,2
CASMGQNTLYF,8
CASGEPGVGQYF,1
CASSTRLVSAETLYF,3
CAWSLGGLSSYEQYF,5
CAWSPGTGTNERLFF,6
CASSMRDWGYEQYF,12
CTCSGDRGVSYEQYF,3
CASSTGHIYAEQFF,2
CAWSRAERNTGQLYF,1
CASSLEREQYF,32
CASSLRREDTQYF,5
CASSQGQGVYEQYF,5
CASGDAQLGAETLYF,2
CASSLEGTSNTEVFF,12
CASSGPGTGGGNTLYF,3
CASSHGLGAAEQFF,3
CASSTDWGGAATQYF,2
CASPRTGGADEQYF,1
CASGAGGASAETLYF,5
CASSPGLGGFAETLYF,3
CASRDSADTQYF,3
CASGGTGGATEVFF,5
CASSIRGTGGYEQYF,4
CASRGLAETLYF,4
CTCSADAGKDTQYF,3
CAWSYDSDYTF,2
CASSEWDREVFF,8
CASSPRTVNSDYTF,3
CASSPTGHQDTQYF,12
CASGDTGGNTLYF,6
CASSIRGPNTGQLYF,6
CASTGQARTEVFF,1
CASSQDRENTLYF,20
CASSQGASQNTLYF,36
CTCSGGLQDTQYF,18
CASSISGQDYEQYF,2
CASSSTASQNTLYF,48
CASSLDYNTLYF,1
CAWSLLTASQNTLYF,4
CASGDAVSSGNTLYF,4
CASARDWGYAEQFF,1
CASSDAWGGGTQYF,7
CASSISGYTEVFF,5
CASSPGQSERYF,4
CASSQHRGREQYF,3
CASSPGGFNQAPLF,4
CASSFYQGANERLFF,1
CASSDTGRNTLYF,5
FASTETGSSYEQYF,2
CASSRDWGGNQDTQYF,25
CASSLGQGAQAPLF,5
CGARTGSNSDYTF,3
CASRKGGALEQYF,2
CASTLTSQNTLYF,3
CASGAGLGYNYAEQFF,3
CASSQDLGVYEQYF,30
CASSLWTKNTLYF,5
CASSQDPTVNERLFF,3
CASSSRDKKYF,2
CASSRDGTGTNERLFF,1
CASSLRGKDSDYTF,3
CASSTGLGSTGQLYF,3
CASSLGGAQDTQYF,204
CASSMNWGGSQNTLYF,1
CASGDGTGGTQYF,7
CASRLGGLSAETLYF,3
CASRRTGGVAETLYF,3
CASGDGQFSNERLFF,5
CASRPTGRSDYTF,2
CASYAGAYEQYF,2
CASGPGTGGGEQYF,5
CASSSSSGAETLYF,5
CASGDARGSYAEQFF,8
CASSITGGNTGQLYF,8
CASGDAKGQEYF,2
CASSFQGSQAPLF,2
CASSLSRNSQNTLYF,5
CASSDARGGEVFF,14
CASSQEPFQDTQYF,4
CAWQEGLYEQYF,1
CTCRARGAAYEQYF,2
CASSGGGGRTEVFF,3
CASSDLGGDSYEQYF,3
CASSQEGRGAETLYF,6
CASSSTGNQAPLF,8
CASSISISNERLFF,30
CASSRTGADTEVFF,4
CASGEANNQDTQYF,2
CASSQDEGGERLFF,3
CASGDVRGSAETLYF,4
CASGVGYTQYF,3
CASSIQGNTGQLYF,4
CASGDLLGGENTQYF,2
CASGETTNTEVFF,8
CASSVPGYEQYF,3
CASSLRQGTETLYF,4
CASSKGGLSNERLFF,4
CASSFYTGGRAEQFF,2
CASSDAGTGQDTQYF,24
CASSGDRGDTEVFF,12
CASSRDTLSNERLFF,8
CASSPGGLSEQYF,3
CASSPTGRANQAPLF,2
CAWNRGPNTEVFF,2
CASSLDGTGDYAEQFF,3
CAGQSNTEVFF,2
CASSSGGWNTLYF,5
CASGDWGGYYEQYF,5
CASRGDWSNTGQLYF,2
CASTTGANTEVFF,12
CASTGTNSGNTLYF,4
CAWRLGGRQFF,3
CASSDGGTEYEQYF,3
CASSDAPGGSNERLFF,2
CASNQGEDERLFF,2
CASSLVQGGEQYF,5
CASNRDRANTEVFF,4
CASRFDRGEQYF,2
CASRQPGLGDTQYF,1
CASSPDWGEDQDTQYF,3
CASGDRQGNAETLYF,1
CASSDELGVSYEQYF,9
CASSPRQGNERLFF,5
CTCSADGISGNTLYF,3
CASSDAWDSSYEQYF,4
CASSSGGRYSDYTF,2
CASSWQGADTGQLYF,2
CTCSPRQYQDTQYF,5
CASGGLGPSYEQYF,6
CASSRRDNNNQAPLF,2
CASGDGQLNNQAPLF,1
CASSLDRHANTEVFF,2
CASSQDRASYAEQFF,2
CSSSQSRVEQYF,4
CASSIHRGGTEVFF,2
CASSFWGESAETLYF,4
CAWSLRGVYAEQFF,4
CASGDSWGGKDTQYF,2
CASSLVLGGLQDTQYF,3
CASTRGLSNERLFF,4
CASGTPFGNTLYF,4
CASSDAWGTYEQYF,6
CASSFSDSGNTLYF,10
CASSYLGGTSAETLYF,2
CASSSTGGEHTLYF,2
CGTGTGGNTGQLYF,4
CASSLRAENTGQLYF,8
CASRDWGDFQNTLYF,2
CASGDVGRDTEVFF,3
CASGPQGAEVFF,4
CASSYWQDTQYF,8
CASLRVDTEVFF,1
CASSEEVSNERLFF,4
CASSQGTGVATEVFF,1
CASRDWGLSAETRYF,3
CASSQRGAEVFF,4
CASGAGGAPTGQLYF,6
CGARELGEDTQYF,4
CASSMDSSGNTLYF,6
CASRGTVEVFF,4
CAWGQNERLFF,6
CASSQDRGEGDTQYF,2
CASSQTNSYEQYF,3
CASSQEIGNTLYF,4
CASSFQGLEYEQYF,1
CASSQDEATSAETLYF,2
CASSLADNQAPLF,6
CASSQEDAEQFF,4
CAWSRDWGTDTQYF,4
CTCSGRHTNTGQLYF,3
CASSPGNSPLYF,4
CAWGHQNTLYF,3
CASSPSARAEVFF,1
CASSKLGGLAEQFF,12
CASGPSGQNSDYTF,1
CASRGRSYEQYF,8
CASSDRQYSPLYF,1
CASSIMDRGPNERLFF,1
CASSQEEGQDTQYF,4
CAWSLDWGSQYF,3
CASGAAGEEAEQFF,1
CASSLVSGVSAETLYF,2
CASSQDLGGGSSYEQYF,1
CASRGTGYEQYF,55
CASRDRVYNSPLYF,4
CASGDVTYEQYF,8
CASGTLNSDYTF,2
CASSRLGDGQLYF,1
CASSQAGGQNTLYF,18
CASRYRGGNTLYF,4
CASSFSGHSNERLFF,3
CASSATGLQDTQYF,3
CASSLPGQGGDTQYF,10
CASSLQGTSDYTF,3
CASSERGDSYEQYF,8
CASSRTGAEQFF,15
CASSIDSNERLFF,3
CASSDHSNTEIFF,3
CASSPRDEQYF,20
CASSDRERDTQYF,5
CASSKQGHTEVFF,2
CASVGTGWEQYF,2
CASSRQGVEQYF,4
CASSSRQGVREQYF,1
CTCRMTGGANTEVFF,2
CASGDTENTEVFF,4
CASSDVRGNQAPLF,1
CASSRGGLGGRETLYF,1
CASGDAAISNERLFF,8
CASSTTGVANERLFF,2
CASRIQGSQNTLYF,5
CASRGTGGTAETLYF,3
CASGEGTGRAHTEVFF,2
CASSRWGGAYEQYF,18
CTRSPRPASNERLFF,2
CASSHGLELYF,2
CAWSPGQGRNSPLYF,6
CASSLDWQYEQYF,5
CAWNGQGPNERLFF,2
CASRDWRTGQLYF,4
CASGDSRGLGNTLYF,2
CASSLLGGQVYF,5
CASSQEIQTNTEVFF,2
CTCSGGQGANTGQLYF,4
CASSDGTGLAETLYF,3
CASSTDWGGARQNTLYF,1
CASSTGTGHSGNTLYF,2
CASSRYRGAETLYF,3
CASSVDNSGNTLYF,30
CAWSLDWGGTYEQYF,4
CASGALNERLFF,2
CASSSTGGAPTLYF,3
CAWRRTGGNSDYTF,6
CASGDLGGLPLYF,1
CASKYWGGAGAETLYF,1
CASSLGHGNTQYF,3
CASSYRDWGLYEQYF,3
CASGDEDTGYAEQFF,3
CTCSAPGAGERLFF,3
CASSERDQNTLYF,6
CASSQVGYNYAEQFF,4
CTSGDAGEQYF,5
CASSLRSSAETLYF,21
CGASWENYAEQFF,4
CTCSGQGPDTQYF,5
CASSDRGQVFF,8
CASSQGGVPYEQYF,2
CASSMGQGGSPLYF,3
YTCSAGLGYEQYF,6
CASGGTNAEQFF,5
CASRGTGTEVFF,5
CTCSALGETLYF,5
CASKTGLSYEQYF,4
CTCRSGDYEQYF,5
CASSGLGATGQLYF,4
CASSCRLGRTGQLYF,1
CASKGLGGRGTEQFF,1
CASSPRQAGNTLYF,8
CASSETGRDSDYTF,12
CASCDGGNSDYTF,1
CASSRRGEGGAETLYF,1
CASSPNNAEQFF,3
CASRHGTAYEQYF,3
CASSDAGTGGAAEQFF,3
CASGEDWGKNTLYF,4
CASGRTVGEQYF,3
CASSLSGGWAEQFF,4
CASPRGQDTQYF,4
CASSVRDRGREQYF,8
CASGVAGGAAEQFF,1
CASSGGGWQNTLYF,3
CTCSAGGVNTLYF,5
CASSLPDNSYEQYF,8
CTCSEGQGSAETLYF,6
CASRWTGGYEQYF,6
RASRTGGPGQLYF,4
CASSDGAANTEVFF,15
CAWIGGNQDTQYF,4
CASSFGQQYF,3
CASSYWGDTLYF,5
CASSTGASNTEVFF,4
CASSDTFSGNTLYF,8
CTCSGDWGTNTGQLYF,4
CASSDGTGISAETLYF,2
CASSDPTAGNTLYF,2
CASGDANWGGGQNTLYF,1
CTCSGTGDYAEQFF,5
CGARDFQDTQYF,8
CASGEAAEQYF,3
CASSFGTGDYEQYF,24
CAWSLGISGNTLYF,24
CAGDSNTEVFF,2
CASSLDWGGSYAEQFF,4
CAWRGWKNTGQLYF,1
CASSLDSGGYEQYF,42
CASSDAGGDTLYF,7
CADWEPQNTLYF,1
CASSQGQGWGTEVFF,3
CASSDGLGGLQDTQYF,4
CASSQGLGAQDTQYF,4
CASSFTGASQNTLYF,8
CASRDEPYEQYF,2
CASSPQGWEQYF,12
CASGDGTGNTGQLYF,18
CASSLGGTGGWAETLYF,1
CASSLRDNNQAPLF,16
CASSQEHWGLYEQYF,2
CASSQEDNYEQYF,15
CASSLELGQDIQYF,1
CASSDAGTGSQNTLYF,18
CASSHQNSGNTLYF,12
CASGTINNQAPLF,2
CASSLMGHTGQLYF,2
CASSGRLGNQDTQYF,3
CASSRDRIYAEQFF,3
CASGEMGQGYEQYF,3
CASSDAGGRDSDYTF,3
CASRRTGPNERLFF,8
CGKLGDQNTLYF,4
CASSSSGTNQDTQYF,8
CASSISRGRGSDYTF,1
CASGFRGLYF,3
CASSDPKDNQDTQYF,1
CASSKQGNTEVFF,5
CASGVDTPEVFF,1
CTCSASLSNERLFF,6
CASSEGGVGNTLYF,8
CASSETGGALAETLYF,6
CASMGETLYF,6
CASMEGYTGQLYF,3
CASSLGVEVFF,10
CASSIRDRGPGNTLYF,4
CASSRDPNNERLFF,4
CASRRDSTEVFF,12
CASSDANWEYEQYF,2
CASSVGNNSPLYF,3
CASGDRDSDYTF,30
CGARDRWYEQYF,2
CASSFAQGAEQFF,4
CASSDVRGSEQYF,5
CASSLHYNSPLYF,6
CASKQNTGQLYF,12
CASSLGQGRAEQFF,10
CASGDAGTGWNTLYF,3
CATSGDTEVFF,4
CTCSKQGSQNTLYF,6
CASSSLGGGADTQYF,2
CASSGWGSNYAEQFF,3
CASSREGEDAEQFF,1
CAWSRWEYEQYF,3
CAWSIPGQKNTGQLYF,2
CTCSAARGNTEVFF,4
CASKGQGRDTQYF,3
CASSDSGGGNTEVFF,4
CASRGTTNSDYTF,35
CASGDAPGQNYAEQFF,3
CASSDWAGDQDTQYF,2
CASSRRQGAHERLFF,2
CASFWDSYAEQFF,1
CASSPVGSNSDYTF,4
CASSAGTGIQNTLYF,4
CTCSAPGGAGDTLYF,3
CTCSETREQYF,4
CASSLVDRGYEQYF,18
CASNPGQGAGNTLYF,2
CASSLAGAVSQNTLYF,3
CASRRLGGREEQYF,3
CASSQSYEQYF,56
CAYRGGTEVFF,4
CASSDVGLGANTGQLYF,2
CASSLGWGEQFF,5
CASSQAGTGGTEQFF,4
CASSFLGGNTLYF,5
CASSTRDRSGNTLYF,3
CASSQDPERLFF,6
CASGDARGDSGNTLYF,6
CASSQENKQNTLYF,1
CASGDHRDWQDTQYF,1
CASSDVNQDTQYF,12
CASGDPGGAGQDTQYF,3
CASSPGGVSYEQYF,28
CTCSADQQGSAETLYF,2
CASSDDSQNTLYF,36
CASTDWGRDTQYF,2
CASSETESSYEQYF,3
CASSSGGSSYEQYF,66
CASSHMGRQDTQYF,2
CASSDALGGYYAEQFF,2
CASSPSTGGAREQYF,6
CSSRVDTLYF,2
CASSDANLGGYEQYF,1
CASSLEQDNNQAPLF,1
CASSDNTYEQYF,3
CAWSLWGREQYF,5
CASSAGGAPGAETLYF,1
CAWSRDWGENTGQLYF,5
CASSTGLGGAETLYF,4
CASSLGDRTGEQYF,1
CASRQVQAPLF,2
CAWSPGQQNTLYF,12
CAGDWVNYAEQFF,3
CATRTGGPYEQYF,5
CASSPGGGDTEVFF,6
CASLQGREQYF,3
CASGDALGGRGDTQYF,4
CAAGGTTSAETLYF,4
CASSIRENNYAEQFF,2
CASSFLGADTQYF,5
CASGETGGASAETLYF,5
CASGNRDWGGYEQYF,3
CSSRGDRTSAETLYF,4
CASGASGGHEQYF,2
CASSSGTGGISDYTF,1
CASTEDRGGAETLYF,2
CASSQDIGGYAEQFF,1
CASGDLGEALYF,5
CASGEGQGTEVFF,42
CASSLAQKVFF,3
CTCSAGGVQNTLYF,10
CASGVGSYEQYF,8
CASSRWERNTLYF,1
CASSDATPNTGQLYF,3
CASSPPNYEQYF,8
CTCSADNWGGDTQYF,6
CASSFQGSGETLYF,2
CASSFGGGNTLYF,20
CASSLTGVNYAEQFF,45
CASSLAWDRGYAEQFF,3
CAWSLDQNTLYF,5
CASSDGGGSSDYTF,4
CGASARVQDTQYF,3
CASGGQGGQNTLYF,12
CASSEGRNNSPLYF,3
CASSLRGADQDTQYF,4
CASSWDRTNERLFF,4
CASSAGTGGAETLYF,54
CGARTGVAEQFF,4
CASSYPGGGYAEQFF,4
CASRRQINSGNTLYF,1
CASGESGQGPQNTLYF,1
CASGGAEQYF,12
CASSLRDRGAEQYF,7
CTGSLYGGSAETLYF,5
CASSDYSTETLYF,2
CASSLAAGGAQNTLYF,1
CASSDARGRGQDTQYF,5
CASSSQGFAETLYF,4
CASSPGQGEVFF,108
CASSLRGANTEVFF,180
CASSPTGFDTQYF,2
CAWSLGGANERLFF,10
CASSDGLGGASYEQYF,3
CASSRDRVANTEVFF,6
CASEGQGYYAEQFF,1
CAWSLIGNQDTQYF,4
CASSPLTGGAGGQNTLYF,1
CASSRGWGNSYEQYF,4
CASSGQGRTGQLYF,10
CAWSLGQINYAEQFF,3
CASSLKAIYEQYF,1
CASSLAPTGGYAEQFF,3
CASRPGLANYAEQFF,3
CASSLPGFYEQYF,8
CASSETGANTGQLYF,15
CASSDFNQDTQYF,20
CASSWTGGQNTLYS,6
CAWRGQGTGQLYF,5
CASSEANSNERLFF,6
CASGLDNSGNTLYF,8
CASGDVGGAREQYF,12
CASSRDRGLSDYTF,3
CAWSLGTGGYEQYY,8
CASSLETNTLYF,4
CASSWTGGDQNTLYF,3
CASSLEPSQDTQYF,4
CASSQVGLNERLFF,1
CASSDARGNSGNTLYF,5
CASSDRGSAETLYF,186
CASSATGTSNTGQLYF,1
CTCSADDAGNTLYF,2
CGADSQNTLYF,3
CAWSWGPGAETLYF,3
CASSFSWGMYEQYF,1
CASSLDGGNERLFF,5
CTCSAAGNNQDTQYF,3
CASSFWGLSNERLFF,3
CASSSSEVFF,12
CATADRGLFGNTLYF,1
CASSPGLGGTQNTLYF,9
CASSTTGRSSYEQYF,3
CASSIDLGDQDTQYF,2
CASGDPWGGFEQYF,3
CGARLGQGYAEQFF,4
CAWSQGLGGQNTLYF,6
CASRETGLTEVFF,2
CASGEPSGDTQYF,2
CATGGGNYAEQFF,4
CASSLTAYEQYF,78
CSSRQGGSTEVFF,8
CASSDLTGNQDTQYF,3
CASGDVGHSYAEQFF,2
CASGGLGGRGQNTLYF,10
CASSMGSGNTLYF,15
CASSGVEQYF,40
CASSLGGEGSDYTF,5
CASSHSRENYAEQFF,1
CGAREARNTEVFF,4
CASSARDWEDTQYF,4
CASSLTGLSGNTLYF,10
CASHKANTGQLYF,1
CASSSLGGSSYEQYF,20
CASGDWTTNTEVFF,3
CASSDLGGNAEQFF,24
CASSRIGGFSAETLYF,1
CAWRVDWGLAEQFF,1
CASGDPGVNSDYTF,3
CASRGLGLSYEQYF,16
CTCSALGGRNEQYF,4
CASSLTQGNTEVFF,10
CASTHRANSPLYF,1
CASKDRVNTGQLYF,3
CAWSRTGGTETLYF,7
CASRNRASNERLFF,3
CTSSAGWGTHEQYF,1
CASSQVWGGQNTLYF,15
CASSLDKQDTQYF,15
CASSGGGTNTEVFF,4
CGASLTGGAPEQYF,3
CASSLDLRGQNTSYF,3
CASSFRDWGNAEQFF,3
CAWSLGTGGHQDTQYF,2
CASSQEGTGAQDTQYF,3
CASSTRGTEVFF,4
CGARISQNTLYF,4
CASSRGQSSQNTLYF,6
CAWSTRLGQDTQYF,5
CASSSQGFNYAEQFF,3
CASGPVSYNSPLYF,2
CASSQDDRGQDTQYF,12
CASRPGHPSGNTLYF,2
CAWSQGQNNSPLYF,4
CASSGTGVNAEQFF,3
CGARTGGGDTQYF,6
CASGDEAGVYEQYF,3
CASSRDEGPQAEQFF,1
CASSPGRSTGQLYF,2
CGARVDNANSDYTF,2
CASSNWGGAEQYF,5
CASSLALGGRIEQYF,2
CASGDAEGLEQYF,2
CASSLFKGQDTQYF,1
CASSDRTEDTQYF,12
CASSPLGGRFYEQYF,3
CASSGGAANTGQLYF,4
CASSLSTNTLYF,4
CAWSLGLGVSQNTLYF,6
CASSDWAGGAAETLYF,1
CASSGWNNQAPLF,2
CASTGTGANTEVFF,10
CATSTAAALYF,1
CASSSGTGPERLFF,6
CASSRRGGRGQNTLYF,3
CASSPGGRDGQLYF,1
CASSLGYNNNQAPLF,1
CASSLWDENTGQLYF,2
CASGDARTGSNERLFF,3
CASSPTGDSAETLYF,3
CASSMLGGRGTLYF,2
CASSDEGRDTLYF,6
CASSLEGAENTLYF,5
CASSPDSRSAETLYF,2
CASAQGSGNTLYF,4
CAWSQQYEQYF,9
CAWSRQGSAETLYF,20
CASSPLGNQDTQYF,50
CASSDQAQAPLF,2
CASSEQSHERLFF,1
CASSSYNNERLFF,3
CASRRTGAETLYF,12
CASGDAGQGWAEQFF,2
CASSSNRGYEQYF,4
CASGDAGGGSYEQYF,24
CASSAGTGPETLYF,8
CASSSRGWEQYF,3
CASSFTGGSGNTLYF,25
CASSPPDWGAYEQYF,9
CASKRGGVFF,2
CASSQTGQGSYEQYF,3
CASHPGQGNERLFF,3
CASSQDLLNERLFF,1
CASGERGLQDTQYF,10
CASSQDRDRVDTQYF,2
CAWRQLSYNSPLYF,2
CGARGQDNYAEQFF,3
CASSEGHNSGNTLYF,2
CASGDALGVNYAEQFF,8
CASSQTGSTEVFF,6
CASSLWGRSQNTLYF,4
CASGVRNTEVFF,4
CASSNRVANERLFF,3
CASSPRLAAEQYF,4
CASRGPGQKYEQYF,1
CASSQEGGGDEQYF,7
CASRGQGGYAEQFF,20
CASGDATEYAEQFF,3
CASGGPGGAYEQYF,4
CASSRDWGADTQYF,4
CTCSGPGLGSSAETLYF,2
CASSPRDRGSGQLCF,2
CASRPWENYAEQFF,2
CASKGTGGIYEQYF,2
CASSEAGGARKQYF,1
CASSTRDWGDQDTQYF,2
CASSGTGGIERLFF,2
CASSDAPNSPLYF,12
CASSIGDAETLYF,4
CASGERGMGPYEQYF,1
CTCSETGGSAETLYF,30
CASGDLGAEEQYF,3
CASSPTGEGNTEVFF,10
CASSSEDWGSAETLYF,2
CAWSRRDRGPEQYF,2
CASSHRDSYNSPLYF,2
CASGVGYTEVFF,4
CASSPSGQQDTQYF,8
CASSCRDRGNSPLYF,1
CASSLRDWGSTQYF,2
CASSSWDSYEQYF,3
CASSTGGSAETLYF,55
CAWRGTGPNERLFF,5
CASSSQGRNTLYF,10
CASSVRLGGNTGQLYF,6
CASSDAKGYNSPLYF,1
CASGDATGVNTLYF,4
CASSLAGQGSEVFF,4
CASSENRGNTEVFF,30
CASGGGNSGNTLYF,20
CASSGRGGALYEQYF,1
CASNDRGLSPLYF,2
CGARDGGGGQYF,3
CASSSQDSGNTLYF,8
CASSGQTGAETLYF,4
CASSGSGGAGAEQFF,4
CASSSRTANTGQLYF,28
CASGDQAGNTGQLYF,2
CASGDALLNYAEQFF,2
CAWSRGGQNTLYF,18
CASSSPTNERLFF,3
CASNGDSAETLYF,3
CASSQDREGYEQYF,2
CASSKSTGGNERLFF,1
CASRGRGQDTQYF,5
CASSITGAGNTLYF,5
CASSQEGPANTEVFF,6
CASSEGRQAPLF,2
CTCSAGTGSYNSPLYF,6
CGASPTGDAETLYF,4
CASSAGVGQNTLYF,10
CASGLRDRGSGNTLYF,3
CASSSGLGETLYF,10
CASSQDQGAPSYEQYF,1
CASSEGGEGSDYTF,3
CASSGDRGTQAPLF,1
CTCSADGGASSYEQYF,2
CASSPRDRGWAEQFF,3
CASSMERDRGYEQYF,1
CASSLLLGGSYEQYF,15
CASRKIQNTLYF,2
CASSLEGLAETLYF,8
CASSFWTEVFF,3
CASSIQASQNTLYF,3
CASSIPGQQYF,3
CASSRKGGNTEVFF,5
CASGDNRINYAEQFF,1
CASSRTQSQNTLYF,3
CASSSPGGQLYF,4
CASGDAADQAPLF,4
CASSDRGADTGQLYF,10
CASSDRTGDYEQYF,5
CASSDPGQSNSDYTF,12
CASSLDWGGASEQYF,3
CASSPGTGGLTGQLYF,3
CASSSDWVYEQYF,4
CAWRLGGTETLYF,3
CASSGRDRGTLYF,4
CASSEGGAGQNTLYF,8
CASSFNWADEQYF,1
CASGDVLGGETLYF,1
CASSIDSYNSPLYF,6
CASSLDRGPNTEVFF,8
CASGDAFGGDYEQYF,1
CASSFALGGDTQYF,4
CASSPTGDRQLYF,1
CASSEGEDNSPLYF,2
CASSDLGRGTEVFF,10
CASSESGTGANTEVFF,1
CSSGTGFSAETLYF,2
CASSAQGAGALYF,2
CASSSPGNQDTQYF,12
CAWSLGQVNYAEQFF,8
CASGDRRAQNTLYF,3
CASSTRTYEQYF,4
CASSFQGENSPLYF,3
CASSLDWGVQNTLYF,20
CVSSLGLGYAEQFF,7
CASSLAGQGPNTLYF,1
CASGDGTGLFF,4
CASSLVPASAETLYF,8
CASSDTDNSGNTLYF,3
CASSFGGIAEQFF,5
CASSGTGSSAETLYF,30
CAWSWDWRSQNTLYF,2
CGARDRASGNTLYF,5
CAWSPGQQDTQYF,24
CASGGGLGGTETLYF,2
CAWSLGGRVERLFF,4
CASRAGTASYEQYF,4
CASGDARLGGIAETLYF,1
CASSSRTGGVYAEQFF,8
CASGDELGGDTQYF,12
CASTGSGNTLYF,16
CASSSLASYEQYF,3
CASSLTGGARAEQFF,63
CASRSPGQGNSDYTF,2
CASGGGLSSYEQYF,8
CASGDRETNERLFF,4
CASSLTVNQAPLF,3
CASSQAGAETLYF,18
CSSSRGEDTQYF,5
CASSFTGDSAESLYF,1
CASSDEEGGAETLYF,4
CASSDRDRGEQNTLYF,2
CASSLVQGRDTQYF,4
CAGTDANSDYTF,3
CASGLTGGAETLYF,4
CAWSPAEANSDYTF,3
CASSRRTGEAETLYF,2
CASSLDDQGGYEQYF,1
CASSGPTGGNTLYF,3
CASSSGQGVGEQYF,4
CAWSTGRGYEQYF,4
CASREGQNSNERLFF,2
CASSPPGDAEQFF,8
CASSEPGGALEQYF,3
CASGDDINSDYTF,2
CAWSLSEQYF,9
CASSRQGEYAEQFF,4
CASGTGPLSNERLFF,2
CASTPGQAYNSPLYF,2
CASSQDGTGAERLFF,3
CASSAPNSGNTLYF,4
CASSRGQGYTGQLYF,6
CTCSAEGRDTEVFF,4
CASGDWEVFF,4
CASRAGGEYAEQFF,3
CASSTGQGAAEQFF,8
CTCSVYRGNTEVFF,2
CASSRTGAYNYAEQFF,3
CASSERQPNTLYF,2
CASSSNPGQLYF,3
CASSPDFVAETLYF,2
CASSEDWGNTGQLYF,20
CASGHRGRDSDYTF,1
CSSSHREDTQYF,5
CASSISGAQNTLYF,5
CTCSARLGNYAEQFF,48
CASSTWENTLYF,3
CASGGGTGNSDYTF,10
CASSLKRDREEQYF,1
CASSERRAANTGQLYF,1
CGAREGTGNTLYF,5
CTCSAGLEREQYF,2
CARSEGNQAPLF,4
CASSQGLGGEYF,8
CASSPGFNYAEQFF,4
CASSRDWGEWDTQYF,1
CASSIDRGYNSPLYF,8
CASSLSLGAQDTQYF,4
CTCSAAGPGNTLYF,4
CASSSPGTYNYAEQFF,2
CASGLGTGGGDTQYF,3
CASSPGTGGARVEQYF,2
CASSELGGLYF,4
CASSGTHANTEVFF,3
CASSPRGPGAETLYF,4
CASSPDRGRLYEQYF,1
CTCSAEGWGGANTQYF,1
CASSWDWGGAEDTQYF,1
CASGVTGDSDYTF,8
CASSPWGADEQYF,5
CASSLGNEQYF,36
CASSYGGLQDTQYF,3
CTCSADGATTEVFF,2
CGARPGTGTEVFF,5
CASSADRVAETLYF,4
CASSGQTEVFF,32
CASGAGQSEVFF,3
CASSLEGTTSNERLFF,2
CASSRGGGGTGQLYF,20
CASGDDRDWGDTQYF,1
CASSLPGGWYAEQFF,2
CASIAGGARAEQFF,2
CASSDAGQDSYEQYF,4
CASSDAGTGGQDTQYF,5
CASSDDRDSGNTLYF,4
CASGDGQIQDTQYF,6
CASSQGLGGPTLYF,3
CASGDDIYEQYF,20
CSSSQSRDWGVEQYF,2
CASLGANTLYF,3
CGARDPDEQYF,4
CASSLLGHKNTLYF,1
CASGEVWGYEQYF,3
CASSRDSVYAEQFF,2
CASSRDWGINQDTQYF,5
CAWSPRDWGVNYAEQFF,2
CASGRTGRVFF,3
CASSALGVGQNTLYF,4
CATGTGTGQLYF,5
CASGDDSSDYTF,5
CTCSAVGGARTLYF,3
CASSDPDNYAEQFF,8
CTCSADGFTEVFF,3
CASSDPGTPEVFF,4
CASSFRGFSQNTLYF,3
CASGDAPTGDYEQYF,2
CASSGRDTQAPLF,2
CASSPRDWVAETLYF,2
CASSPRGWNTWQLYF,1
CANSTAGREQYF,2
CASSDEAGAEQFF,4
CASGDARDWGSYEQYF,4
CASSPGQGAREQYF,105
CTCSADLGGSTGQLYF,4
CASSFSVYEQYF,8
CARGEGDTEVFF,5
CASSPDRGRNTLYF,15
CASNRGHTEVFF,2
CASSAAAGTGDNERLFF,1
CASGDLGGGYEQYF,14
CASGEQTGVNYAEQFF,2
CASRDRGEERLFF,2
CASSDTAYEQYF,25
CASSDAWGNTLYF,63
CASSRAGDQNTLYF,4
CASGDAQWRNTEVFF,2
CASGDVGVYF,3
CASSDSGGNYAEQFF,24
CAWSPDRGNEQYF,5
CASSVGDAETLYF,2
CVWSLTDYAEQFF,4
CASSLEQGSSDYTF,3
CASSDGGPSYEQYF,5
CASSVDRVNSPLYF,2
CASSETGGHNERLFF,2
CAWSTGGRYAEQFF,4
CASSLTGASQNTLYF,45
CASSQVQNNSPLYF,4
CASKDWGGFEQYF,2
CASSSDRADTQYF,6
CASSLSDRVDTQYF,3
YASSDEQGSTGQLYF,4
CAWSSPRVANTEVFF,1
CASSAGTGQLYF,10
CATGGAREQYF,4
CASSSTGNSQNTLYF,5
CASSSGTGEAPLF,4
CASSGQMGQNTLYF,1
CASGDWGRPNQAPLF,1
CTCSGDRRPYEQYF,1
CASSDGWGHYEQYF,3
CASSLEPDSAETLYF,3
CASSRDWGGWAEQSF,3
CASSLPGEGYEQYF,4
CASRGDTSYEQYF,3
CASSAGTVYAEQFF,18
CASGDAEDTQYF,10
CASSDPDWGGDTQYF,4
CASGAQGTEVFF,10
CASSLTGTGGAEQYF,3
CASGDAWGGAETLYF,120
CASSRRQENTEVFF,3
CASGDTGGLYEQYF,5
CASSPPGLINQDTQYF,1
CASSQDSHEDTQYF,2
CASSRDWGEYAQYF,1
CAWSRQASAETLYF,8
CASGPQDTQYF,152
CASSDLRGAEQFF,4
CASSPDRGLNSPLYF,2
CASSYRGSYNSPLYF,4
CASSDIRGQNTLYF,2
CTCSAPGTGGEQYF,4
CASSDARASTGQLYF,2
CASSYHGDSDYTF,1
CASSREGDNYEQYF,2
CASGDVAEQYF,5
CASGDETGWDTLYF,2
CASSLFQEVFF,2
CASREDRGNEQYF,2
CASSRPDINERLFF,1
CASSHDRLNNQAPLF,2
CASSEVGAFYEQYF,2
CASSLRARGTGQLYF,1
CASSFGGRGEQYF,4
CASSMPGGDERLFF,1
CAWSLGGPNERLFF,16
CAWTRDSNSDYTF,2
CASSSRDWAYEQYF,4
CASSLDWDNYAEQFF,12
CSSSQGEDTQYF,5
CASSLAPGGEDTQYF,4
RASSLVGASSAETLYF,3
CASGDFRDEQYF,2
CTSSPDWGGAITQYF,1
CASSSRGGPSAETLYF,3
CASRTGRGNQAPLF,3
CASGAGGFTEVFF,5
CASSYRDNSDYTF,4
CASSTGTGGAEQYF,14
CASSLRGVDQDTQYF,3
CGARGANSDYTF,8
CASGGQDWGAETLYF,1
CASSDRGGQRDTQYF,2
CASSSDRGRWAEQFF,2
CASGGLGGFEQYF,3
CASSLVPGLGGREQYF,2
CASGDTGQAPLF,3
CGAETENTGQLYF,3
CASSSLYEQYF,40
CTCSADPLGVNQDTQYF,6
CVSRDRGNAEQFF,4
CASSDTGAGYEQYF,4
CASSLDRGRSYEQYF,5
CASSDRRDTGQLYF,4
CASSLLGFEQYF,3
CASSWGGDTQYF,60
CASSSGANSDYTF,66
CASSPNWGGTYEQYF,8
CAWSPQGQNTLYF,12
CASTPGYAEQFF,3
CASSAGTGQAPLF,4
CASGDSEQFF,12
CAWAGGDYAEQFF,2
CASSHLGGFQDTQYF,3
CASSARDSSNERLFF,6
CASSPRQGANERLFF,30
CAWSLKGKTLYF,2
CASSSGGRDYAEQFF,6
CASSPGQGEQYF,54
CASSWDGRAEQFF,4
CASGDPLGGHAETLYF,1
CASSPRDRHSGNTLYF,2
CGASGGTGQLYF,5
CASGDTTGGAREQYF,1
CASSPDFQDTQYF,20
CASSSGTGKQYF,5
CASGDVQGAYAEQFF,3
CASSQSDSTGQLYF,1
CASSQEAGTGGNQAPLF,2
CASSDFNYAEQFF,4
CASGSTTSDYTF,1
CASGEPAEQFF,8
CASSETGGSSYEQYF,32
CASSLGTNKQFF,2
CASSYGGRNTEVFF,4
CASSQDAKNTEVFF,2
CASSLGQGAEAEQFF,1
CASSPDRDSAETLYF,5
CAWSWGFQNTLYF,5
CASSRQSETLYF,8
CGARLGGSSYEQYF,6
CASGGGTARFF,3
CASSFGTNTGQLYF,24
CASSLEWGTNTEVFF,3
CAWTGDNSDYTF,3
CASGVGGLEQYF,4
CASSLGGGRQFF,5
CASSLRGIAEQFF,3
CASGDAGGAYAEQFF,35
CTCSAGLGNYAEQFF,24
CASGAPGQANTEVFF,4
CASSFSGTAEVFF,4
CASGAGTGTTGQLYF,3
CAWSLGTGADTQYF,5
CAWRPWGDYAEQFF,4
CASSDAYRGTEVFF,2
CASGPGGAETLYF,35
CASSYRGQKDTQYF,3
CASSDRVALYF,3
CASSYLGQSSYEQYF,3
CASSEGGDTEVFF,24
CASGEGQDANTEVFF,2
CASSQDGGLSGNTLYF,2
CASSIDGRYAEQFF,3
CASSPTTGANQDTQYF,3
CGARAGTGASDYTF,3
CASSTGTGHQAPLF,1
CASSPSDRAGNTLYF,9
CAWGVNYAEQFF,6
CASSQGGTGGALAEQFF,1
CASSWTGENQNTLYF,1
CTCSAKLGGQDTQYF,3
CASSSQNYEQYF,8
CAWSHRDSNSGNTLYF,4
CASSDGPSAETLYF,4
CASSDGTGGLDTQYF,3
CASSNQGYSGNTLYF,1
CTCSAEGSSAETLYF,8
CTCSGTGPSAETLYF,12
CAWSLNWGNYAEQFF,18
CASRSDSSAETLYF,4
CAWRQGRNTEVFF,6
CASSPRLGGSSQNTLYF,12
CAWSPRDNSYNSPLYF,3
CASSVTGGAYAEQFF,6
CASSYWGANTGQLYF,15
CASSLTGVNSPLYF,6
CASSLRDRVGVFF,1
CASGGGGGSQNTLYF,4
CASGDVGGGDTQYF,12
CANRKIAEQFF,2
CASSGGSSEQYF,3
CASPYSYNSPLYF,2
CASGEPGQGSEVFF,4
CASSLWGADYTF,2
CASSPPGGSGNTLYF,6
CAWAGTLNQAPLF,2
CASGDDRGHERLFF,3
CASSLGGQNAEQFF,6
CASRAGLGGTETLYF,2
CAWSLPTWGGQDTQYF,1
CASSLGLGASQNTLYF,60
CAWSSRDWDYAEQFF,4
CASQGREETLYF,1
CASNDWGASQNTLYF,2
CTCSADWGYEQYF,60
CASSDQANQDTQYF,4
CASSLFGGAREQYF,4
CASSPAGTGNTEVFF,4
CSSRRGGVYEQYF,5
CASGDTGSNSPLYF,3
CARARDRAYF,1
CASSQETGGSYEQYF,18
CASGETVVFF,3
CASSFYRYEQYF,4
CTCSAQGDEQYF,5
CASGALDNSGNTLYF,3
CGARDSGQANSDYTF,3
CASSLRLEQYF,3
CASSSPGQPNTEVFF,3
CASSGGLGSETLYF,3
CTCSDRRNTEVFF,6
CASSERGQAPLF,6
CVWSRDRVGNTLYF,5
CASSEGVSDYTF,2
CTCRVTGSYEQYF,5
CASGDARDRTNSDYTF,1
CGASGTDSAETLYF,5
CAWTLNYAEQFF,6
CASSLDSGLGDTGQLYF,1
CASSPTGYTLYF,4
CTSSHGLVEQYF,2
CASSLGDSTLYF,4
CASRTGGAGQLYF,12
CASDSDKNTGQLYF,2
CASSIQGASGQLYF,1
CAWSRQVANTEVFF,4
CSSGDSANTEVFF,4
CASSPTGVNTLYF,6
CTCSAGSDNQDTQYF,1
CVSSGGLGVYAEQFF,4
CASSTGGKQFF,3
CASSPRVSAETLYF,16
CASSPSDWLYEQYF,1
